age,sex,bi,children,sm,region,charges
24.0,1,33.7,0,0,0,7986.47525
59.0,0,26.8,2,0,0,2331.519
28.0,0,37.8,0,0,2,12928.7911
55.0,0,30.8,1,0,3,5080.096
18.0,0,0.0,1,0,2,27724.28875
20.0,0,26.8,1,0,0,12730.9996
19.0,1,40.48,0,0,1,1526.312
39.0,1,24.8,1,1,0,12928.7911
21.0,1,29.66,0,0,1,8059.6791
59.0,0,31.8,0,0,0,19539.243
19.0,1,33.47,0,1,0,18218.16139
22.0,0,36.9,0,0,1,11455.28
54.0,0,28.2,1,0,1,5209.57885
